,Precipitacao_mm,Temperatura_Maxima_C,Temperatura_Minima_C,Umidade_Relativa_Media_pct,Vento_Rajada_Maxima_ms,Inundacao_Alagamento,Deslizamento,Chuvas_Intensas
Precipitacao_mm,1.0,-0.3055042252357493,-0.3817507266154916,-0.19027545740796142,0.13043670774923252,0.8306346326102212,0.10182952475228475,0.8306346326102212
Temperatura_Maxima_C,-0.3055042252357493,1.0,0.6369966066342128,0.08743153653317748,-0.10122545137697235,-0.20047228447537,-0.002596984958556653,-0.20047228447537
Temperatura_Minima_C,-0.3817507266154916,0.6369966066342128,1.0,0.08857184229448126,0.016034951591435326,-0.2275528277114941,-0.09667825916125244,-0.2275528277114941
Umidade_Relativa_Media_pct,-0.19027545740796142,0.08743153653317748,0.08857184229448126,1.0,0.08884454036364439,-0.13387261141452184,0.06574802072029044,-0.13387261141452184
Vento_Rajada_Maxima_ms,0.13043670774923252,-0.10122545137697235,0.016034951591435326,0.08884454036364439,1.0,0.08712704837474954,0.03444984202358401,0.08712704837474954
Inundacao_Alagamento,0.8306346326102212,-0.20047228447537,-0.2275528277114941,-0.13387261141452184,0.08712704837474954,1.0,0.07848969866079555,1.0
Deslizamento,0.10182952475228475,-0.002596984958556653,-0.09667825916125244,0.06574802072029044,0.03444984202358401,0.07848969866079555,1.0,0.07848969866079557
Chuvas_Intensas,0.8306346326102212,-0.20047228447537,-0.2275528277114941,-0.13387261141452184,0.08712704837474954,1.0,0.07848969866079557,1.0
